{"cameraMode":{"drawMode":0,"name":"Shaded","section":"Shading Mode"},"sceneLighting":false,"audioPlay":false,"sceneViewState":{"m_AlwaysRefresh":false,"showFog":true,"showSkybox":false,"showFlares":true,"showImageEffects":true,"showParticleSystems":true,"showVisualEffectGraphs":true,"m_FxEnabled":true},"in2DMode":false,"pivot":{"x":1139.64501953125,"y":274.28155517578127,"z":-26.90338897705078},"rotation":{"x":0.04768615588545799,"y":0.01409024465829134,"z":0.0004434589354787022,"w":-0.9990051984786987},"size":818.7232666015625,"orthographic":false}