{"cameraMode":{"drawMode":0,"name":"Shaded","section":"Shading Mode"},"sceneLighting":false,"audioPlay":false,"sceneViewState":{"m_AlwaysRefresh":false,"showFog":true,"showSkybox":true,"showFlares":true,"showImageEffects":true,"showParticleSystems":true,"showVisualEffectGraphs":true,"m_FxEnabled":true},"in2DMode":false,"pivot":{"x":1381.3250732421875,"y":856.5460205078125,"z":-291.46136474609377},"rotation":{"x":0.016809342429041864,"y":0.004819958936423063,"z":0.00015903239545878023,"w":1.0000840425491334},"size":620.3976440429688,"orthographic":false}