{"cameraMode":{"drawMode":0,"name":"Shaded","section":"Shading Mode"},"sceneLighting":true,"audioPlay":false,"sceneViewState":{"m_AlwaysRefresh":false,"showFog":true,"showSkybox":true,"showFlares":true,"showImageEffects":true,"showParticleSystems":true,"showVisualEffectGraphs":true,"m_FxEnabled":true},"in2DMode":false,"pivot":{"x":1137.4102783203125,"y":461.1712951660156,"z":85.51105499267578},"rotation":{"x":-0.027460619807243348,"y":0.00960326474159956,"z":0.013697910122573376,"w":-1.000544786453247},"size":6.577613353729248,"orthographic":false}