{"cameraMode":{"drawMode":0,"name":"Shaded","section":"Shading Mode"},"sceneLighting":true,"audioPlay":false,"sceneViewState":{"m_AlwaysRefresh":false,"showFog":true,"showSkybox":true,"showFlares":true,"showImageEffects":true,"showParticleSystems":true,"showVisualEffectGraphs":true,"m_FxEnabled":true},"in2DMode":false,"pivot":{"x":1131.867919921875,"y":459.3924560546875,"z":78.92884063720703},"rotation":{"x":-0.065038301050663,"y":0.017521724104881288,"z":0.011874393559992314,"w":-0.9987380504608154},"size":1.5529944896697999,"orthographic":false}