{"cameraMode":{"drawMode":0,"name":"Shaded","section":"Shading Mode"},"sceneLighting":false,"audioPlay":false,"sceneViewState":{"m_AlwaysRefresh":false,"showFog":true,"showSkybox":true,"showFlares":true,"showImageEffects":true,"showParticleSystems":true,"showVisualEffectGraphs":true,"m_FxEnabled":true},"in2DMode":false,"pivot":{"x":1136.693115234375,"y":460.2143249511719,"z":83.6597900390625},"rotation":{"x":0.03180698677897453,"y":-0.005679336842149496,"z":0.00011558333790162578,"w":0.999703586101532},"size":5.459034442901611,"orthographic":false}