{"cameraMode":{"drawMode":0,"name":"Shaded","section":"Shading Mode"},"sceneLighting":false,"audioPlay":false,"sceneViewState":{"m_AlwaysRefresh":false,"showFog":true,"showSkybox":true,"showFlares":true,"showImageEffects":true,"showParticleSystems":true,"showVisualEffectGraphs":true,"m_FxEnabled":true},"in2DMode":false,"pivot":{"x":-82.37000274658203,"y":2.440000057220459,"z":-2.5399999618530275},"rotation":{"x":-0.0647507980465889,"y":0.028404206037521364,"z":-0.0016949049895629287,"w":-0.9977092742919922},"size":3.464101552963257,"orthographic":false}