{"cameraMode":{"drawMode":0,"name":"Shaded","section":"Shading Mode"},"sceneLighting":false,"audioPlay":false,"sceneViewState":{"m_AlwaysRefresh":false,"showFog":true,"showSkybox":true,"showFlares":true,"showImageEffects":true,"showParticleSystems":true,"showVisualEffectGraphs":true,"m_FxEnabled":true},"in2DMode":false,"pivot":{"x":1400.427978515625,"y":417.97247314453127,"z":-42.88092041015625},"rotation":{"x":0.04976283758878708,"y":-0.023056311532855035,"z":0.0020149496849626304,"w":0.9989243745803833},"size":924.2865600585938,"orthographic":false}