{"cameraMode":{"drawMode":0,"name":"Shaded","section":"Shading Mode"},"sceneLighting":true,"audioPlay":false,"sceneViewState":{"m_AlwaysRefresh":false,"showFog":true,"showSkybox":true,"showFlares":true,"showImageEffects":true,"showParticleSystems":true,"showVisualEffectGraphs":true,"m_FxEnabled":true},"in2DMode":false,"pivot":{"x":-68.90672302246094,"y":-13.868827819824219,"z":11.872577667236329},"rotation":{"x":0.34788402915000918,"y":0.09813424199819565,"z":-0.05196569859981537,"w":0.9320525527000427},"size":23.295774459838868,"orthographic":false}