{"cameraMode":{"drawMode":0,"name":"Shaded","section":"Shading Mode"},"sceneLighting":false,"audioPlay":false,"sceneViewState":{"m_AlwaysRefresh":false,"showFog":true,"showSkybox":true,"showFlares":true,"showImageEffects":true,"showParticleSystems":true,"showVisualEffectGraphs":true,"m_FxEnabled":true},"in2DMode":false,"pivot":{"x":1426.400390625,"y":411.30780029296877,"z":-306.87213134765627},"rotation":{"x":0.016809342429041864,"y":0.004819958936423063,"z":0.00015903239545878023,"w":1.0000840425491334},"size":788.9598388671875,"orthographic":false}