{"cameraMode":{"drawMode":0,"name":"Shaded","section":"Shading Mode"},"sceneLighting":false,"audioPlay":false,"sceneViewState":{"m_AlwaysRefresh":false,"showFog":true,"showSkybox":true,"showFlares":true,"showImageEffects":true,"showParticleSystems":true,"showVisualEffectGraphs":true,"m_FxEnabled":true},"in2DMode":false,"pivot":{"x":1136.693115234375,"y":457.3729553222656,"z":83.6597900390625},"rotation":{"x":-0.011676174588501454,"y":0.05729801952838898,"z":0.0006958912708796561,"w":0.9985215067863464},"size":4.169308662414551,"orthographic":false}