{"cameraMode":{"drawMode":0,"name":"Shaded","section":"Shading Mode"},"sceneLighting":false,"audioPlay":false,"sceneViewState":{"m_AlwaysRefresh":false,"showFog":true,"showSkybox":true,"showFlares":true,"showImageEffects":true,"showParticleSystems":true,"showVisualEffectGraphs":true,"m_FxEnabled":true},"in2DMode":false,"pivot":{"x":1136.5555419921875,"y":459.4767150878906,"z":83.8647232055664},"rotation":{"x":0.03180698677897453,"y":-0.005679336842149496,"z":0.00011558333790162578,"w":0.999703586101532},"size":4.794281005859375,"orthographic":false}