{"cameraMode":{"drawMode":0,"name":"Shaded","section":"Shading Mode"},"sceneLighting":false,"audioPlay":false,"sceneViewState":{"m_AlwaysRefresh":false,"showFog":true,"showSkybox":true,"showFlares":true,"showImageEffects":true,"showParticleSystems":true,"showVisualEffectGraphs":true,"m_FxEnabled":true},"in2DMode":false,"pivot":{"x":1138.257080078125,"y":461.59869384765627,"z":84.03717041015625},"rotation":{"x":0.026690557599067689,"y":-0.019763335585594178,"z":-0.0016742702573537827,"w":-1.0003501176834107},"size":5.504696369171143,"orthographic":false}