{"cameraMode":{"drawMode":0,"name":"Shaded","section":"Shading Mode"},"sceneLighting":false,"audioPlay":false,"sceneViewState":{"m_AlwaysRefresh":false,"showFog":true,"showSkybox":true,"showFlares":true,"showImageEffects":true,"showParticleSystems":true,"showVisualEffectGraphs":true,"m_FxEnabled":true},"in2DMode":false,"pivot":{"x":-68.76774597167969,"y":8.05605411529541,"z":3.797104835510254},"rotation":{"x":-0.03783459961414337,"y":-0.01712990365922451,"z":-0.00009848110494203866,"w":-1.0000276565551758},"size":12.265381813049317,"orthographic":false}