{"cameraMode":{"drawMode":0,"name":"Shaded","section":"Shading Mode"},"sceneLighting":false,"audioPlay":false,"sceneViewState":{"m_AlwaysRefresh":false,"showFog":true,"showSkybox":true,"showFlares":true,"showImageEffects":true,"showParticleSystems":true,"showVisualEffectGraphs":true,"m_FxEnabled":true},"in2DMode":false,"pivot":{"x":-84.75554656982422,"y":2.6752779483795168,"z":-12.87984848022461},"rotation":{"x":-0.0011886943830177189,"y":0.04081552103161812,"z":0.0001811959664337337,"w":0.9994015693664551},"size":1.5260168313980103,"orthographic":false}